PostID,Title,Content,Subreddit
1,New AI breakthrough,Artificial intelligence is transforming industries worldwide,technology
2,Cybersecurity warning,Hackers are attacking banking systems globally,technology
3,Latest smartphone launch,The new device features advanced camera technology,technology
4,Cloud computing growth,Businesses are shifting to cloud infrastructure,technology
5,Programming trends,Python remains popular for machine learning,technology
6,Tech startup funding,Investors are funding innovative tech startups,technology
7,Blockchain innovation,Blockchain improves digital transaction security,technology
8,Software development tools,New IDE tools increase developer productivity,technology
9,5G network expansion,Telecom companies expand high speed internet services,technology
10,AI in healthcare,Artificial intelligence helps doctors diagnose diseases,technology
11,Data science career,Demand for data scientists is increasing rapidly,technology
12,Robotics automation,Robots are automating industrial processes,technology
13,Healthy lifestyle tips,Daily exercise improves heart health,health
14,Balanced diet guide,Eating vegetables supports immune system,health
15,Mental health awareness,Stress management is important for wellbeing,health
16,Workout benefits,Regular gym workouts build muscle strength,health
17,Diabetes prevention,Controlling sugar intake reduces diabetes risk,health
18,Heart disease risks,High cholesterol increases heart problems,health
19,Yoga for fitness,Yoga improves flexibility and balance,health
20,Hydration importance,Drinking water keeps body hydrated,health
21,Vitamin deficiency,Lack of vitamins affects body performance,health
22,Healthy sleep habits,Proper sleep improves mental health,health
23,Weight loss plan,Exercise and diet help reduce obesity,health
24,Immunity boosters,Fruits strengthen the immune system,health
25,Online learning platforms,Digital education platforms are growing fast,education
26,Exam preparation tips,Students should revise daily before exams,education
27,Scholarship programs,Universities provide financial aid opportunities,education
28,E learning benefits,Online courses offer flexible study schedules,education
29,Classroom technology,Smart boards enhance teaching methods,education
30,Study techniques,Effective study habits improve performance,education
31,Higher education trends,Colleges introduce modern skill based courses,education
32,Remote education,Virtual classrooms connect global students,education
33,Teacher training programs,Professional development improves teaching quality,education
34,Student motivation,Encouragement boosts academic success,education
35,Research opportunities,Students participate in academic research projects,education
36,Education policy update,Government reforms improve school standards,education